{
  "level": 0.552901023890785,
  "position": 0.5527833352948099,
  "content": 0.2349876426974227,
  "BLEU": 19.00644484031286,
  "result": { "level": 9396, "position": 9394, "content": 4399 }
}

