{
    "epoch": 4.977777777777778,
    "eval_loss": 0.9123790860176086,
    "eval_runtime": 12.5558,
    "eval_samples_per_second": 7.964,
    "eval_steps_per_second": 7.964,
    "total_flos": 8.455920151049011e+16,
    "train_loss": 1.073635903426579,
    "train_runtime": 1844.2551,
    "train_samples_per_second": 2.44,
    "train_steps_per_second": 0.304
}