{
    "epoch": 4.977777777777778,
    "eval_loss": 0.9123790860176086,
    "eval_runtime": 12.5558,
    "eval_samples_per_second": 7.964,
    "eval_steps_per_second": 7.964
}